SKU,Description,Meta: _econur_positioning,Meta: _econur_benefits,Meta: _econur_efficacy,Meta: _econur_ingredients,Meta: _econur_best_for,Meta: _econur_usage,Meta: _econur_skin_concern_names
p1,"Most bars built for oily skin work by stripping it. Yours ends up tight and squeaky for an hour, then produces more oil than it started with. The Active Defense Bar is formulated around that exact problem.

Activated charcoal and neem do the heavy lifting: charcoal binds to the excess sebum sitting deep in your pores and pulls it out, while neem's anti-microbial compounds go after the bacteria driving your breakouts. Tea tree essential oil handles fungal acne and the inflammation that comes with an active flare-up, and tulsi works underneath all of it to keep sebum production steady.

What keeps the bar from over-drying is the oil balance. The coconut oil carries a cleansing value of 67, which is what gives you a genuinely deep wash. The olive oil carries a conditioning value of 82 - rich in oleic acid, it puts moisture back as you rinse. You get the cleanse without losing the moisture barrier that keeps oil production in check.

Cold-process, small batch, no synthetic detergents.","Deep-cleansing charcoal and neem bar for oily, acne-prone skin - controls oil and breakouts without stripping.","Absorbs excess oil from deep in the pores
Reduces acne-causing bacteria
Calms fungal acne and inflammation
Supports natural sebum control
Eliminates body odour from sweat
Keeps general itching under control","Activated charcoal draws out oil :: Charcoal binds to the excess sebum and impurities sitting deep in your pores and lifts them away, so skin feels genuinely clean rather than coated.
Neem fights acne at the source :: Neem carries powerful anti-microbial compounds that reduce the bacteria behind breakouts, while keeping everyday itching in check.
Tea tree oil calms inflammation :: Tea tree essential oil targets fungal acne specifically and settles the redness and swelling of an active breakout.
Tulsi supports oil balance :: Holy basil works alongside the other botanicals to keep sebum production steady instead of swinging between oily and tight.
Cleansing without stripping :: Coconut oil brings a cleansing value of 67 for a deep wash, while olive oil's oleic acid (conditioning value 82) restores moisture so the skin barrier stays intact.","Beef Tallow
Coconut Oil
Olive Oil
Castor Oil
Neem
Tulsi
Activated Charcoal
Tea Tree Essential Oil
Lye Solution (saponified)","Oily skin
Acne-prone skin
Fungal acne
Body odour from sweat
Humid, sweaty weather
Daily face and body cleansing","Wet the bar and work up a lather in your hands, then massage onto damp skin for 20-30 seconds and rinse thoroughly. Use morning and night, or after any sweaty stretch of the day.

Keep the bar on a draining soap dish, out of standing water and away from direct spray. A handmade bar that dries fully between washes lasts noticeably longer.

Not suited for: dry or very dry skin, babies, or highly sensitive skin.","Acne & Breakouts, Oily Skin, Fungal Acne, Body Odour"
p2,"Pigmentation does not lift overnight, and any bar that claims otherwise is selling you something. This one works the way skin actually responds: gradually, with consistent use.

Licorice is the active that matters here. It is one of the most effective natural ingredients on melasma, acne scarring and general pigmentation, and it works by evening tone out rather than bleaching it. Wild turmeric lifts tan and dullness alongside it, while honey holds moisture at the surface so skin looks vibrant instead of tight after washing.

Aloe vera runs through the bar as a hydration and calming agent, and kaolin clay handles the cleansing with a very mild action - which matters, because a stripped barrier makes pigmentation worse, not better. Lavender essential oil finishes it with a soft natural scent.

Built for normal and combination skin. Give it consistent daily use and judge it at the six-week mark.","Licorice, wild turmeric and honey bar that fades tanning, dark spots and pigmentation on normal to combination skin.","Fades sunburn and tan spots
Clears dark spots left by acne
Evens out pigmentation and dark patches
Reduces redness and everyday rashes
Soothes inflammation with natural antioxidants
Leaves skin glowing and hydrated","Licorice targets pigmentation :: Licorice is highly effective on melasma, acne scars and general pigmentation, gradually evening out tone rather than bleaching it.
Wild turmeric brightens :: Wild turmeric lifts dullness and tanning while its natural anti-inflammatory action settles irritated skin.
Honey restores glow :: Honey holds moisture at the surface, leaving skin looking vibrant and hydrated rather than tight after a wash.
Aloe vera soothes and hydrates :: Aloe vera works as a hydration and calming agent, taking the sting out of redness and general rash problems.
Kaolin clay cleanses gently :: Kaolin lifts away oil and grime with a very mild action, so brightening never costs you a stripped moisture barrier.
Antioxidant support :: The natural antioxidants across licorice, turmeric and honey defend against the daily oxidative stress that dulls and ages skin.","Olive Oil
Coconut Oil
Castor Oil
Beef Tallow
Aloe Vera
Kaolin Clay
Licorice
Wild Turmeric
Honey
Lavender Essential Oil
Lye Solution (saponified)","Normal skin
Combination skin
Tanning and sun damage
Dark spots and acne marks
Melasma and pigmentation
Dull, uneven tone","Lather in your hands and massage onto damp skin for about 30 seconds, then rinse thoroughly. Use daily, morning and night.

Pigmentation responds gradually. Give the bar consistent daily use over several weeks, and pair it with sun protection during the day - unprotected sun exposure undoes brightening faster than any bar can build it.

Store on a draining soap dish away from standing water so the bar dries fully between washes.

Not suited for: extremely dry skin, babies, or highly sensitive skin.","Pigmentation & Dark Spots, Tanning & Sun Damage, Dullness, Acne Marks"
p3,"Fourteen ingredients, and almost all of them are doing a job. The Herbifresh Bar is the herbalist's bar in the range - a natural disinfectant that still leaves skin fed rather than bare.

Neem and green tea handle the antibacterial work, clearing away germs and going after the bacteria behind breakouts. Moringa brings the vitamins and nourishment back in. Ground oats exfoliate gently enough for daily use while doubling as a soothing agent, and blackseed oil and tulsi work on mild allergies, itching and the red spots they leave behind.

Almond, olive and blackseed oils build the conditioning base, so the deep herbal cleanse never tips into dryness. Tea tree and lavender essential oils finish it with a clean herbal scent and no synthetic fragrance anywhere in the bar.

Formulated for normal and combination skin.","Herbal antibacterial bar with moringa, neem and green tea - deep cleansing with gentle oat exfoliation for normal to combination skin.","Works as a natural disinfectant
Destroys acne-causing bacteria
Gently exfoliates away dead skin
Nourishes skin with vitamins
Calms mild allergies and itching
Fades red spots and irritation","Moringa nourishes :: Moringa is dense in the vitamins skin needs, so a deep-cleansing wash still leaves it fed rather than stripped bare.
Neem disinfects :: The antioxidants in neem destroy germs and bacteria across the skin's surface, which is what makes this bar work as a genuine natural disinfectant.
Green tea targets acne bacteria :: Green tea's antimicrobial properties go after the bacteria that cause breakouts, while its antioxidants calm the skin around them.
Oats exfoliate and soothe :: Ground oats lift dead skin gently enough for daily use, and double as a soothing agent on irritated patches.
Blackseed and tulsi calm irritation :: Blackseed oil and tulsi work on mild allergies, itching and the red spots they leave behind.
Essential oils finish the job :: Tea tree and lavender add a final antibacterial pass and a clean herbal scent, with no synthetic fragrance in the bar.","Almond Oil
Olive Oil
Blackseed Oil
Coconut Oil
Castor Oil
Beef Tallow
Neem
Moringa
Green Tea
Blackseed
Tulsi
Oats
Tea Tree Essential Oil
Lavender Essential Oil
Lye Solution (saponified)","Normal skin
Combination skin
Mild allergies and itching
Dull, congested skin
Gentle daily exfoliation
Herbal, fragrance-free routines","Lather in your hands and massage onto damp skin, letting the oats do the exfoliating. Rinse thoroughly. Gentle enough for daily use, morning and night.

Store on a draining soap dish away from standing water and direct spray so the bar dries fully between washes.

Not suited for: extremely dry skin or highly sensitive skin.","Acne & Breakouts, Combination Skin, Itching & Irritation, Dead Skin"
p4,"This is, first and last, an olive oil bathing bar. Over 80% of it is olive oil - and that single fact is what makes it safe for the most delicate skin in your house.

Olive oil is rich in oleic acid and carries a conditioning value above 80, which means it holds moisture in the skin instead of pulling it out. At this concentration the bar is extremely mild. It does not dry skin out, it does not sting, and it leaves the skin soft rather than tight.

Kaolin clay does the cleansing with a very gentle action and leaves a silky feel afterwards. Oat milk takes down mild itching, prickly heat and inflammation - the everyday complaints of babies and reactive skin in humid weather.

There is no fragrance and no essential oil in this bar. That is deliberate: added scent is the most common trigger for infant and sensitive skin, so it is simply not there.","Ultra-mild, fragrance-free olive oil bar for babies, very dry skin and sensitive skin.","Over 80% olive oil for deep moisture
Keeps skin soft, never tight
Fragrance-free and safe for babies
Cleanses gently with silky kaolin clay
Eases prickly heat and mild itching
Relieves inflammation and irritation","Olive oil holds moisture in :: At over 80% olive oil, this is primarily an olive oil bathing bar - rich in oleic acid with a conditioning value above 80, so it moisturises while it cleans.
Mild by formulation, not by dilution :: The high olive content is what stops the bar drying skin out at all, and that is precisely what makes it safe for the most delicate skin.
Kaolin clay cleanses softly :: Kaolin does the cleansing work with a very gentle action and leaves a silky feel on the skin afterwards.
Oat milk calms heat rash :: Oat milk reduces mild itching and prickly heat and relieves inflammation - the everyday complaints of babies and reactive skin.
No fragrance, nothing to react to :: There is no essential oil or added fragrance in this bar, which removes the most common trigger for sensitive and infant skin.","Olive Oil
Coconut Oil
Castor Oil
Beef Tallow
Kaolin Clay
Oat Milk
Lye Solution (saponified)","Babies and young children
Very dry skin
Sensitive, reactive skin
Prickly heat and mild itching
Fragrance-free routines
Daily gentle bathing","For babies and children: work up a lather in your hands first, wash gently, then rinse well with clean water. Pat dry rather than rubbing, and apply moisturiser while the skin is still slightly damp.

For very dry or sensitive adult skin: lather, massage onto damp skin, rinse thoroughly. Gentle enough for daily use, morning and night.

Store on a draining soap dish out of standing water. A bar that dries fully between washes lasts noticeably longer.","Dry Skin, Sensitive Skin, Baby Skin, Itching & Irritation, Prickly Heat"
p5,"A scrub bar that does not feel like sandpaper. The Caffiend Bar is built on ground coffee and coffee water, with almond oil and milk conditioning underneath so the exfoliation never leaves skin raw.

The coffee does two jobs at once. Chemically, its compounds draw excess oil and trapped dirt out of the skin and keep pores clear, and its anti-inflammatory and antibacterial action works against acne-causing bacteria while calming redness. Physically, the grounds lift away dead skin cells - which is what brings a vibrant surface back to dull, congested skin.

The caffeine adds one more thing: it increases blood circulation at the surface, which temporarily improves the look of skin texture and reduces the appearance of puffiness and cellulite.

Best for combination and slightly oily skin. Two or three times a week is plenty.",Ground coffee scrub bar that lifts oil and buffs away dead skin - for combination and mildly oily skin.,"Draws out excess oil and dirt
Keeps pores clear
Buffs away dead skin cells
Calms redness and inflammation
Targets acne-causing bacteria
Boosts circulation with caffeine","Coffee pulls oil from the pores :: The compounds in ground coffee draw excess oil and trapped dirt out of the skin, leaving pores clear and the surface genuinely clean.
A scrub that earns its place :: The grounds physically remove dead skin cells, which is what brings back a vibrant surface on dull, congested skin.
Anti-inflammatory and antibacterial :: Coffee's natural compounds are highly effective against acne-causing bacteria and take the heat out of red, irritated skin.
Caffeine boosts circulation :: The caffeine in coffee increases blood circulation at the surface, which temporarily improves the look of skin texture and reduces the appearance of puffiness and cellulite.
Almond oil and milk soften the scrub :: Almond oil and milk condition the skin as you exfoliate, so the bar buffs without leaving it raw or tight.","Olive Oil
Coconut Oil
Castor Oil
Beef Tallow
Almond Oil
Ground Coffee
Coffee Water
Milk
Lye Solution (saponified)","Combination skin
Mildly oily skin
Body scrub and exfoliation
Dull, congested skin
Post-workout washes
Rough patches on arms and legs","Wet the bar and massage in small circles over damp skin, letting the coffee grounds do the exfoliating - no pressure needed. Rinse thoroughly.

Two or three times a week is enough for most people. Daily scrubbing can leave even oily skin irritated, so alternate it with a gentler bar.

Store on a draining soap dish away from standing water so the bar dries fully between washes.

Not suited for: dry or very dry skin, babies, or highly sensitive skin.","Oily Skin, Combination Skin, Dead Skin, Dullness"
