SKU,Meta: _econur_positioning,Meta: _econur_benefits,Meta: _econur_efficacy,Meta: _econur_ingredients,Meta: _econur_best_for,Meta: _econur_usage
ECON-ADB,"Everyday antibacterial protection for skin that faces dust, sweat and city air.","Deep pore cleansing
Fights acne-causing bacteria
Soothes irritation
Non-stripping moisture balance","Neem purifies :: Neem leaf extract carries natural antibacterial compounds that calm breakouts and keep pores clear.
Tulsi calms :: Holy basil reduces redness and irritation after a long day of dust and sweat exposure.
Coconut oil conditions :: Cold-pressed coconut oil rebuilds the skin barrier so cleansing never leaves skin tight.","Neem Leaf Extract
Tulsi (Holy Basil)
Cold-Pressed Coconut Oil
Shea Butter
Vitamin E","Oily and acne-prone skin
People who work outdoors
Daily body and face cleansing
Humid weather","Lather with warm water and massage onto damp skin for 30 seconds, then rinse well. Use morning and night.

Store on a draining soap dish away from direct water spray - a dry bar lasts noticeably longer."
